Metric,Value
design__io,125
design__die__area,1.2321E+6
design__core__area,1.14045E+6
design__instance__count,69305
design__instance__area,1.14045E+6
design__instance__count__stdcell,34565
design__instance__area__stdcell,754462
design__instance__count__macros,0
design__instance__area__macros,0
design__instance__count__padcells,0
design__instance__area__padcells,0
design__instance__count__cover,0
design__instance__area__cover,0
design__instance__utilization,0.661547
design__instance__utilization__stdcell,0.661547
design__rows,272
design__rows:GF018hv5v_mcu_sc7,272
design__sites,519520
design__sites:GF018hv5v_mcu_sc7,519520
design__instance__count__class:endcap_cell,544
design__instance__area__class:endcap_cell,2388.38
design__instance__count__class:tap_cell,7402
design__instance__area__class:tap_cell,32497.7
design__instance__count__class:tie_cell,94
design__instance__area__class:tie_cell,825.395
design__instance__count__class:inverter,1111
design__instance__area__class:inverter,9847.67
design__instance__count__class:sequential_cell,3042
design__instance__area__class:sequential_cell,227783
design__instance__count__class:multi_input_combinational_cell,18164
design__instance__area__class:multi_input_combinational_cell,369687
flow__warnings__count,1
flow__errors__count,0
flow__warnings__count:GRT-0281,2
flow__warnings__type_count,1
flow__warnings__count:ORD-0039,1
design__max_slew_violation__count__corner:nom_tt_025C_5v00,0
design__max_fanout_violation__count__corner:nom_tt_025C_5v00,0
design__max_cap_violation__count__corner:nom_tt_025C_5v00,0
power__internal__total,0.0487787090241909
power__switching__total,0.019299594685435295
power__leakage__total,0.000008043431080295704
power__total,0.06808634847402573
clock__skew__worst_hold__corner:nom_tt_025C_5v00,0.4010782930409331
clock__skew__worst_setup__corner:nom_tt_025C_5v00,0.4010782930409331
timing__hold__ws__corner:nom_tt_025C_5v00,0.7290497301103261
timing__setup__ws__corner:nom_tt_025C_5v00,72.44534777126607
timing__hold__tns__corner:nom_tt_025C_5v00,0.0
timing__setup__tns__corner:nom_tt_025C_5v00,0.0
timing__hold__wns__corner:nom_tt_025C_5v00,0
timing__setup__wns__corner:nom_tt_025C_5v00,0.0
timing__hold_vio__count__corner:nom_tt_025C_5v00,0
timing__hold_r2r__ws__corner:nom_tt_025C_5v00,0.729050
timing__hold_r2r_vio__count__corner:nom_tt_025C_5v00,0
timing__setup_vio__count__corner:nom_tt_025C_5v00,0
timing__setup_r2r__ws__corner:nom_tt_025C_5v00,72.445351
timing__setup_r2r_vio__count__corner:nom_tt_025C_5v00,0
design__max_slew_violation__count,0
design__max_fanout_violation__count,0
design__max_cap_violation__count,0
clock__skew__worst_hold,0.7391691912213775
clock__skew__worst_setup,0.25298996946775576
timing__hold__ws,0.44617322210822696
timing__setup__ws,47.303033939851886
timing__hold__tns,0.0
timing__setup__tns,0.0
timing__hold__wns,0
timing__setup__wns,0.0
timing__hold_vio__count,0
timing__hold_r2r__ws,0.446173
timing__hold_r2r_vio__count,0
timing__setup_vio__count,0
timing__setup_r2r__ws,47.303036
timing__setup_r2r_vio__count,0
timing__drv__floating__nets,2
timing__drv__floating__pins,0
design__instance__displacement__total,10.08
design__instance__displacement__mean,0
design__instance__displacement__max,7.84
route__wirelength__estimated,970091
design__violations,0
design__instance__count__class:timing_repair_buffer,3162
design__instance__area__class:timing_repair_buffer,68459.5
flow__warnings__count:RSZ-0020,1
flow__warnings__count:RSZ-0065,1
flow__warnings__count:STA-1140,6
design__instance__count__class:clock_buffer,619
design__instance__area__class:clock_buffer,33406.6
design__instance__count__class:clock_inverter,416
design__instance__area__class:clock_inverter,9518.39
design__instance__count__setup_buffer,0
design__instance__count__hold_buffer,0
global_route__vias,203287
global_route__wirelength,1694733
antenna__violating__nets,0
antenna__violating__pins,0
route__antenna_violation__count,0
flow__warnings__count:EST-0026,1001
design__instance__count__class:antenna_cell,11
design__instance__area__class:antenna_cell,48.2944
antenna_diodes_count,0
route__net,26154
route__net__special,2
route__drc_errors__iter:0,6037
route__wirelength__iter:0,1080316
route__drc_errors__iter:1,1982
route__wirelength__iter:1,1070405
route__drc_errors__iter:2,1869
route__wirelength__iter:2,1068295
route__drc_errors__iter:3,91
route__wirelength__iter:3,1069234
route__drc_errors__iter:4,33
route__wirelength__iter:4,1069395
route__drc_errors__iter:5,33
route__wirelength__iter:5,1069390
route__drc_errors__iter:6,22
route__wirelength__iter:6,1069388
route__drc_errors__iter:7,22
route__wirelength__iter:7,1069385
route__drc_errors__iter:8,22
route__wirelength__iter:8,1069382
route__drc_errors__iter:10,22
route__wirelength__iter:10,1069380
route__drc_errors__iter:11,22
route__wirelength__iter:11,1069388
route__drc_errors__iter:15,22
route__wirelength__iter:15,1069388
route__drc_errors__iter:16,22
route__wirelength__iter:16,1069392
route__drc_errors__iter:17,46
route__wirelength__iter:17,1069317
route__drc_errors__iter:18,39
route__wirelength__iter:18,1069314
route__drc_errors__iter:19,35
route__wirelength__iter:19,1069317
route__drc_errors__iter:20,35
route__wirelength__iter:20,1069316
route__drc_errors__iter:21,21
route__wirelength__iter:21,1069326
route__drc_errors__iter:22,21
route__wirelength__iter:22,1069326
route__drc_errors__iter:23,21
route__wirelength__iter:23,1069330
route__drc_errors__iter:24,21
route__wirelength__iter:24,1069327
route__drc_errors__iter:25,27
route__wirelength__iter:25,1069322
route__drc_errors__iter:26,26
route__wirelength__iter:26,1069318
route__drc_errors__iter:27,26
route__wirelength__iter:27,1069318
route__drc_errors__iter:28,0
route__wirelength__iter:28,1069314
route__drc_errors,0
route__wirelength,1069314
route__vias,178201
route__vias__singlecut,178201
route__vias__multicut,0
flow__warnings__count:DRT-0349,8
design__disconnected_pin__count,9
design__critical_disconnected_pin__count,0
route__wirelength__max,1527.26
design__instance__count__class:fill_cell,34740
design__instance__area__class:fill_cell,385989
timing__unannotated_net__count__corner:nom_tt_025C_5v00,483
timing__unannotated_net_filtered__count__corner:nom_tt_025C_5v00,0
design__max_slew_violation__count__corner:nom_ss_125C_4v50,0
design__max_fanout_violation__count__corner:nom_ss_125C_4v50,0
design__max_cap_violation__count__corner:nom_ss_125C_4v50,0
clock__skew__worst_hold__corner:nom_ss_125C_4v50,0.708660483686438
clock__skew__worst_setup__corner:nom_ss_125C_4v50,0.708660483686438
timing__hold__ws__corner:nom_ss_125C_4v50,1.3634311843226734
timing__setup__ws__corner:nom_ss_125C_4v50,48.574145192084686
timing__hold__tns__corner:nom_ss_125C_4v50,0.0
timing__setup__tns__corner:nom_ss_125C_4v50,0.0
timing__hold__wns__corner:nom_ss_125C_4v50,0
timing__setup__wns__corner:nom_ss_125C_4v50,0.0
timing__hold_vio__count__corner:nom_ss_125C_4v50,0
timing__hold_r2r__ws__corner:nom_ss_125C_4v50,1.363431
timing__hold_r2r_vio__count__corner:nom_ss_125C_4v50,0
timing__setup_vio__count__corner:nom_ss_125C_4v50,0
timing__setup_r2r__ws__corner:nom_ss_125C_4v50,48.574146
timing__setup_r2r_vio__count__corner:nom_ss_125C_4v50,0
timing__unannotated_net__count__corner:nom_ss_125C_4v50,483
timing__unannotated_net_filtered__count__corner:nom_ss_125C_4v50,0
design__max_slew_violation__count__corner:nom_ff_n40C_5v50,0
design__max_fanout_violation__count__corner:nom_ff_n40C_5v50,0
design__max_cap_violation__count__corner:nom_ff_n40C_5v50,0
clock__skew__worst_hold__corner:nom_ff_n40C_5v50,0.26345248950311856
clock__skew__worst_setup__corner:nom_ff_n40C_5v50,0.26345248950311856
timing__hold__ws__corner:nom_ff_n40C_5v50,0.4565347118454916
timing__setup__ws__corner:nom_ff_n40C_5v50,82.94609678325082
timing__hold__tns__corner:nom_ff_n40C_5v50,0.0
timing__setup__tns__corner:nom_ff_n40C_5v50,0.0
timing__hold__wns__corner:nom_ff_n40C_5v50,0
timing__setup__wns__corner:nom_ff_n40C_5v50,0.0
timing__hold_vio__count__corner:nom_ff_n40C_5v50,0
timing__hold_r2r__ws__corner:nom_ff_n40C_5v50,0.456535
timing__hold_r2r_vio__count__corner:nom_ff_n40C_5v50,0
timing__setup_vio__count__corner:nom_ff_n40C_5v50,0
timing__setup_r2r__ws__corner:nom_ff_n40C_5v50,82.946098
timing__setup_r2r_vio__count__corner:nom_ff_n40C_5v50,0
timing__unannotated_net__count__corner:nom_ff_n40C_5v50,483
timing__unannotated_net_filtered__count__corner:nom_ff_n40C_5v50,0
design__max_slew_violation__count__corner:min_tt_025C_5v00,0
design__max_fanout_violation__count__corner:min_tt_025C_5v00,0
design__max_cap_violation__count__corner:min_tt_025C_5v00,0
clock__skew__worst_hold__corner:min_tt_025C_5v00,0.38588178189468225
clock__skew__worst_setup__corner:min_tt_025C_5v00,0.38588178189468225
timing__hold__ws__corner:min_tt_025C_5v00,0.7153433603498712
timing__setup__ws__corner:min_tt_025C_5v00,73.02873179553377
timing__hold__tns__corner:min_tt_025C_5v00,0.0
timing__setup__tns__corner:min_tt_025C_5v00,0.0
timing__hold__wns__corner:min_tt_025C_5v00,0
timing__setup__wns__corner:min_tt_025C_5v00,0.0
timing__hold_vio__count__corner:min_tt_025C_5v00,0
timing__hold_r2r__ws__corner:min_tt_025C_5v00,0.715343
timing__hold_r2r_vio__count__corner:min_tt_025C_5v00,0
timing__setup_vio__count__corner:min_tt_025C_5v00,0
timing__setup_r2r__ws__corner:min_tt_025C_5v00,73.028732
timing__setup_r2r_vio__count__corner:min_tt_025C_5v00,0
timing__unannotated_net__count__corner:min_tt_025C_5v00,483
timing__unannotated_net_filtered__count__corner:min_tt_025C_5v00,0
design__max_slew_violation__count__corner:min_ss_125C_4v50,0
design__max_fanout_violation__count__corner:min_ss_125C_4v50,0
design__max_cap_violation__count__corner:min_ss_125C_4v50,0
clock__skew__worst_hold__corner:min_ss_125C_4v50,0.6829514924673031
clock__skew__worst_setup__corner:min_ss_125C_4v50,0.6829514924673031
timing__hold__ws__corner:min_ss_125C_4v50,1.3418122548419325
timing__setup__ws__corner:min_ss_125C_4v50,49.61819540125626
timing__hold__tns__corner:min_ss_125C_4v50,0.0
timing__setup__tns__corner:min_ss_125C_4v50,0.0
timing__hold__wns__corner:min_ss_125C_4v50,0
timing__setup__wns__corner:min_ss_125C_4v50,0.0
timing__hold_vio__count__corner:min_ss_125C_4v50,0
timing__hold_r2r__ws__corner:min_ss_125C_4v50,1.341812
timing__hold_r2r_vio__count__corner:min_ss_125C_4v50,0
timing__setup_vio__count__corner:min_ss_125C_4v50,0
timing__setup_r2r__ws__corner:min_ss_125C_4v50,49.618195
timing__setup_r2r_vio__count__corner:min_ss_125C_4v50,0
timing__unannotated_net__count__corner:min_ss_125C_4v50,483
timing__unannotated_net_filtered__count__corner:min_ss_125C_4v50,0
design__max_slew_violation__count__corner:min_ff_n40C_5v50,0
design__max_fanout_violation__count__corner:min_ff_n40C_5v50,0
design__max_cap_violation__count__corner:min_ff_n40C_5v50,0
clock__skew__worst_hold__corner:min_ff_n40C_5v50,0.25298996946775576
clock__skew__worst_setup__corner:min_ff_n40C_5v50,0.25298996946775576
timing__hold__ws__corner:min_ff_n40C_5v50,0.44617322210822696
timing__setup__ws__corner:min_ff_n40C_5v50,83.30443770588393
timing__hold__tns__corner:min_ff_n40C_5v50,0.0
timing__setup__tns__corner:min_ff_n40C_5v50,0.0
timing__hold__wns__corner:min_ff_n40C_5v50,0
timing__setup__wns__corner:min_ff_n40C_5v50,0.0
timing__hold_vio__count__corner:min_ff_n40C_5v50,0
timing__hold_r2r__ws__corner:min_ff_n40C_5v50,0.446173
timing__hold_r2r_vio__count__corner:min_ff_n40C_5v50,0
timing__setup_vio__count__corner:min_ff_n40C_5v50,0
timing__setup_r2r__ws__corner:min_ff_n40C_5v50,83.304436
timing__setup_r2r_vio__count__corner:min_ff_n40C_5v50,0
timing__unannotated_net__count__corner:min_ff_n40C_5v50,483
timing__unannotated_net_filtered__count__corner:min_ff_n40C_5v50,0
design__max_slew_violation__count__corner:max_tt_025C_5v00,0
design__max_fanout_violation__count__corner:max_tt_025C_5v00,0
design__max_cap_violation__count__corner:max_tt_025C_5v00,0
clock__skew__worst_hold__corner:max_tt_025C_5v00,0.4191831445047456
clock__skew__worst_setup__corner:max_tt_025C_5v00,0.4191831445047456
timing__hold__ws__corner:max_tt_025C_5v00,0.7453322614499802
timing__setup__ws__corner:max_tt_025C_5v00,71.73452079830811
timing__hold__tns__corner:max_tt_025C_5v00,0.0
timing__setup__tns__corner:max_tt_025C_5v00,0.0
timing__hold__wns__corner:max_tt_025C_5v00,0
timing__setup__wns__corner:max_tt_025C_5v00,0.0
timing__hold_vio__count__corner:max_tt_025C_5v00,0
timing__hold_r2r__ws__corner:max_tt_025C_5v00,0.745332
timing__hold_r2r_vio__count__corner:max_tt_025C_5v00,0
timing__setup_vio__count__corner:max_tt_025C_5v00,0
timing__setup_r2r__ws__corner:max_tt_025C_5v00,71.734520
timing__setup_r2r_vio__count__corner:max_tt_025C_5v00,0
timing__unannotated_net__count__corner:max_tt_025C_5v00,483
timing__unannotated_net_filtered__count__corner:max_tt_025C_5v00,0
design__max_slew_violation__count__corner:max_ss_125C_4v50,0
design__max_fanout_violation__count__corner:max_ss_125C_4v50,0
design__max_cap_violation__count__corner:max_ss_125C_4v50,0
clock__skew__worst_hold__corner:max_ss_125C_4v50,0.7391691912213775
clock__skew__worst_setup__corner:max_ss_125C_4v50,0.7391691912213775
timing__hold__ws__corner:max_ss_125C_4v50,1.389214560486562
timing__setup__ws__corner:max_ss_125C_4v50,47.303033939851886
timing__hold__tns__corner:max_ss_125C_4v50,0.0
timing__setup__tns__corner:max_ss_125C_4v50,0.0
timing__hold__wns__corner:max_ss_125C_4v50,0
timing__setup__wns__corner:max_ss_125C_4v50,0.0
timing__hold_vio__count__corner:max_ss_125C_4v50,0
timing__hold_r2r__ws__corner:max_ss_125C_4v50,1.389215
timing__hold_r2r_vio__count__corner:max_ss_125C_4v50,0
timing__setup_vio__count__corner:max_ss_125C_4v50,0
timing__setup_r2r__ws__corner:max_ss_125C_4v50,47.303036
timing__setup_r2r_vio__count__corner:max_ss_125C_4v50,0
timing__unannotated_net__count__corner:max_ss_125C_4v50,483
timing__unannotated_net_filtered__count__corner:max_ss_125C_4v50,0
design__max_slew_violation__count__corner:max_ff_n40C_5v50,0
design__max_fanout_violation__count__corner:max_ff_n40C_5v50,0
design__max_cap_violation__count__corner:max_ff_n40C_5v50,0
clock__skew__worst_hold__corner:max_ff_n40C_5v50,0.2759315076751385
clock__skew__worst_setup__corner:max_ff_n40C_5v50,0.2759315076751385
timing__hold__ws__corner:max_ff_n40C_5v50,0.4688074505737022
timing__setup__ws__corner:max_ff_n40C_5v50,82.49614558310525
timing__hold__tns__corner:max_ff_n40C_5v50,0.0
timing__setup__tns__corner:max_ff_n40C_5v50,0.0
timing__hold__wns__corner:max_ff_n40C_5v50,0
timing__setup__wns__corner:max_ff_n40C_5v50,0.0
timing__hold_vio__count__corner:max_ff_n40C_5v50,0
timing__hold_r2r__ws__corner:max_ff_n40C_5v50,0.468807
timing__hold_r2r_vio__count__corner:max_ff_n40C_5v50,0
timing__setup_vio__count__corner:max_ff_n40C_5v50,0
timing__setup_r2r__ws__corner:max_ff_n40C_5v50,82.496147
timing__setup_r2r_vio__count__corner:max_ff_n40C_5v50,0
timing__unannotated_net__count__corner:max_ff_n40C_5v50,483
timing__unannotated_net_filtered__count__corner:max_ff_n40C_5v50,0
timing__unannotated_net__count,483
timing__unannotated_net_filtered__count,0
design_powergrid__voltage__worst__net:VDD__corner:nom_tt_025C_5v00,4.86545
design_powergrid__drop__average__net:VDD__corner:nom_tt_025C_5v00,4.86748
design_powergrid__drop__worst__net:VDD__corner:nom_tt_025C_5v00,0.134545
design_powergrid__voltage__worst__net:VSS__corner:nom_tt_025C_5v00,0.16465
design_powergrid__drop__average__net:VSS__corner:nom_tt_025C_5v00,0.162359
design_powergrid__drop__worst__net:VSS__corner:nom_tt_025C_5v00,0.16465
design_powergrid__voltage__worst,0.16465
design_powergrid__voltage__worst__net:VDD,4.86545
design_powergrid__drop__worst,0.16465
design_powergrid__drop__worst__net:VDD,0.134545
design_powergrid__voltage__worst__net:VSS,0.16465
design_powergrid__drop__worst__net:VSS,0.16465
ir__voltage__worst,4.87000000000000010658141036401502788066864013671875
ir__drop__avg,0.13300000000000000710542735760100185871124267578125
ir__drop__worst,0.1350000000000000088817841970012523233890533447265625
design__xor_difference__count,0
magic__drc_error__count,0
magic__illegal_overlap__count,0
design__lvs_device_difference__count,0
design__lvs_net_difference__count,0
design__lvs_property_fail__count,0
design__lvs_error__count,0
design__lvs_unmatched_device__count,0
design__lvs_unmatched_net__count,0
design__lvs_unmatched_pin__count,0
